{
  "oos_dir": "data/rl_buffer_v6_fresh/",
  "dqn_ckpt": "checkpoints/cross_sectional_v6/best_cs_dqn.npz",
  "n_eval": 2000,
  "k_assets": 16,
  "episode_len": 64,
  "sweep": {
    "thr_10.0000": {
      "threshold": 10.0,
      "active_fraction": 1.0,
      "sharpe": -0.4370320761674603,
      "mean": -0.13640335202217102,
      "std": 0.3121128976345062
    },
    "thr_2.9500": {
      "threshold": 2.95,
      "active_fraction": 0.9989783653846154,
      "sharpe": -0.4344763968752303,
      "mean": -0.13583728671073914,
      "std": 0.31264594197273254
    },
    "thr_2.9000": {
      "threshold": 2.9,
      "active_fraction": 0.9897533653846153,
      "sharpe": -0.4494829510410056,
      "mean": -0.1383596956729889,
      "std": 0.307819664478302
    },
    "thr_2.8500": {
      "threshold": 2.85,
      "active_fraction": 0.8282740384615385,
      "sharpe": -0.17408335028206343,
      "mean": -0.055941879749298096,
      "std": 0.3213511109352112
    },
    "thr_2.8300": {
      "threshold": 2.83,
      "active_fraction": 0.606185576923077,
      "sharpe": -0.008937935336735202,
      "mean": -0.0031015134882181883,
      "std": 0.34700557589530945
    },
    "thr_2.8100": {
      "threshold": 2.81,
      "active_fraction": 0.3322764423076923,
      "sharpe": -0.07375178547950124,
      "mean": -0.02718755602836609,
      "std": 0.368635892868042
    },
    "thr_2.8000": {
      "threshold": 2.8,
      "active_fraction": 0.21149951923076923,
      "sharpe": -0.04461134821623993,
      "mean": -0.015565908513963223,
      "std": 0.34892261028289795
    },
    "thr_2.7900": {
      "threshold": 2.79,
      "active_fraction": 0.11891201923076923,
      "sharpe": -0.10557649039268181,
      "mean": -0.03275588899850845,
      "std": 0.3102574050426483
    },
    "thr_2.7800": {
      "threshold": 2.78,
      "active_fraction": 0.05948221153846154,
      "sharpe": -0.12706071542430042,
      "mean": -0.029276972636580467,
      "std": 0.2304171770811081
    },
    "thr_2.7700": {
      "threshold": 2.77,
      "active_fraction": 0.02525576923076923,
      "sharpe": -0.08123009433719117,
      "mean": -0.01307892706245184,
      "std": 0.16101084649562836
    },
    "thr_2.7500": {
      "threshold": 2.75,
      "active_fraction": 0.0030240384615384617,
      "sharpe": -0.09935456699682502,
      "mean": -0.005510622635483742,
      "std": 0.05546420067548752
    },
    "thr_2.7200": {
      "threshold": 2.72,
      "active_fraction": 4.471153846153846e-05,
      "sharpe": -0.035518653073249126,
      "mean": -6.844963354524225e-05,
      "std": 0.0019271360943093896
    }
  }
}