{
  "oos_dir": "data/rl_buffer_fresh/",
  "dqn_ckpt": "checkpoints/cross_sectional_v4/best_cs_dqn.npz",
  "n_eval": 2000,
  "k_assets": 16,
  "episode_len": 64,
  "sweep": {
    "thr_0.1600": {
      "threshold": 0.16,
      "active_fraction": 0.17143365384615383,
      "sharpe": -0.052313012854190516,
      "mean": -0.021021828055381775,
      "std": 0.4018470048904419
    },
    "thr_0.1580": {
      "threshold": 0.158,
      "active_fraction": 0.09519567307692307,
      "sharpe": -0.0156579915588748,
      "mean": -0.005415447987616062,
      "std": 0.3458583950996399
    },
    "thr_0.1550": {
      "threshold": 0.155,
      "active_fraction": 0.03156634615384615,
      "sharpe": 0.012162655701921495,
      "mean": 0.002770010381937027,
      "std": 0.22774715721607208
    },
    "thr_0.1520": {
      "threshold": 0.152,
      "active_fraction": 0.008077884615384615,
      "sharpe": -0.03593399642743598,
      "mean": -0.004228418227285147,
      "std": 0.11767179518938065
    },
    "thr_0.1500": {
      "threshold": 0.15,
      "active_fraction": 0.002635576923076923,
      "sharpe": -0.00844410057410826,
      "mean": -0.0006138078169897199,
      "std": 0.07269071787595749
    },
    "thr_0.1480": {
      "threshold": 0.148,
      "active_fraction": 0.0007235576923076923,
      "sharpe": -0.07905767185835612,
      "mean": -0.0030730089638382196,
      "std": 0.03887046128511429
    }
  }
}