{
  "buffer_dir": "data/rl_buffer_v6_fresh/",
  "n_seq": 210289,
  "d_model": 768,
  "random_split": {
    "jepa_r2": 0.09322553873062134,
    "jepa_dir": 0.5443784146458354,
    "lag1_r2": 0.0005667209625244141,
    "lag1_dir": 0.5123166874341033,
    "zero_r2": 0.0
  },
  "temporal_split": {
    "jepa_r2": 0.05245393514633179,
    "jepa_dir": 0.5273591632992631,
    "lag1_r2": -0.0012649297714233398,
    "lag1_dir": 0.48673639172807226,
    "zero_r2": 0.0
  }
}