{
  "buffer_dir": "data/rl_buffer_fresh/",
  "n_seq": 210289,
  "d_model": 512,
  "random_split": {
    "jepa_r2": 0.058867037296295166,
    "jepa_dir": 0.5322773890539634,
    "lag1_r2": 0.0005667209625244141,
    "lag1_dir": 0.5123166874341033,
    "zero_r2": 0.0
  },
  "temporal_split": {
    "jepa_r2": 0.014679014682769775,
    "jepa_dir": 0.5087710957927264,
    "lag1_r2": -0.0012649297714233398,
    "lag1_dir": 0.48673639172807226,
    "zero_r2": 0.0
  }
}